{
  "sand art": {
    "id": 29468023,
    "ts": 1783060677.0345628
  },
  "liquid paint flow": {
    "id": 5908185,
    "ts": 1783060681.2658484
  },
  "soap cutting": {
    "id": 7250223,
    "ts": 1783060684.0317254
  },
  "glass blowing": {
    "id": 7519297,
    "ts": 1783060687.4394588
  },
  "slime": {
    "id": 6150669,
    "ts": 1783074749.9908743
  },
  "pottery clay wheel": {
    "id": 35487051,
    "ts": 1783074756.5817938
  },
  "powder explosion color": {
    "id": 4813542,
    "ts": 1783074762.8704503
  }
}